{"mask": [[339, 33], [555, 33], [555, 339], [492, 339], [492, 384], [90, 384], [90, 168], [339, 168]], "door_pos": [339, 93.40000915527344], "area": 140.84999999999997}