{"mask": [[232, 172], [612, 172], [612, 220], [904, 220], [904, 572], [384, 572], [384, 544], [232, 544]], "door_pos": [317.6000061035156, 544], "area": 156.58000000000004}